AgentID,FirstName,LastName,Group,Location
1001,Jarrod,Todd,Level 2,London
1002,Chancellor,Mckenzie,Level 2,London
1003,Lamar,Pace,Level 5,London
1004,Brenden,Nguyen,Level 5,Paris
1005,Micah,Gilbert,Level 2,Paris
1006,Acton,Calderon,Level 2,Paris
1007,Cooper,Lyons,Level 3,London
1008,Garrison,Bentley,Level 2,London
1009,Zephania,Herman,Level 5,New York
1010,Tarik,Espinoza,Level 2,Paris
1011,Chadwick,Lancaster,Level 5,London
1012,Cadman,Floyd,Level 2,London
1013,Jerome,Weber,Level 2,New York
1014,Jakeem,Randall,Level 4,Paris
1015,Coby,Fuentes,Level 3,London
1016,Brennan,Rivas,Level 3,Paris
1017,Wallace,Marquez,Level 4,London
1018,Gray,Huber,Level 5,Paris
1019,Galvin,Wilson,Level 5,Paris
1020,Yardley,Rose,Level 5,London
1021,Clark,Olson,Level 5,London
1022,Barclay,Gray,Level 2,Paris
1023,Leonard,Curtis,Level 4,New York
1024,Uriah,Guzman,Level 4,Paris
1025,Chase,Watkins,Level 4,New York
1026,Salvador,Bonner,Level 3,New York
1027,George,Raymond,Level 4,London
1028,Reece,Galloway,Level 2,New York
1029,Kato,Moody,Level 2,London
1030,Forrest,Bernard,Level 2,London
1031,Prescott,Pierce,Level 4,London
1032,Ulric,Francis,Level 4,Paris
1033,Barclay,Winters,Level 5,New York
1034,Raymond,Hanson,Level 5,London
1035,Zephania,Nixon,Level 2,Paris
1036,Brett,Fuller,Level 3,New York
1037,Hunter,Hyde,Level 3,London
1038,Merritt,Richmond,Level 4,New York
1039,Gavin,Frederick,Level 5,New York
1040,Keaton,Lucas,Level 2,Paris
1041,Tarik,Chaney,Level 5,London
1042,Peter,Sanders,Level 3,New York
1043,Julian,Acevedo,Level 4,Paris
1044,Tyrone,Gamble,Level 5,Paris
1045,Allistair,Nelson,Level 5,London
1046,Harding,Irwin,Level 5,London
1047,Jack,Johns,Level 3,London
1048,Steel,Burks,Level 3,London
1049,Hyatt,Lindsey,Level 3,London
1050,Daquan,Bradley,Level 5,London
1051,Ali,Booker,Level 3,London
1052,Ralph,Rodriquez,Level 3,New York
1053,Jin,Kidd,Level 3,London
1054,Oleg,Roy,Level 4,Paris
1055,Beau,Neal,Level 5,London
1056,Hoyt,Barr,Level 4,Paris
1057,Perry,Roberson,Level 2,New York
1058,Sawyer,Finley,Level 2,London
1059,Nero,Bentley,Level 3,London
1060,Walter,Avery,Level 5,London
1061,Ferdinand,Reid,Level 4,London
1062,Paul,Cabrera,Level 2,London
1063,Benedict,Rojas,Level 4,Paris
1064,Xenos,Walter,Level 2,London
1065,Marvin,Buck,Level 5,London
1066,Geoffrey,Ryan,Level 3,Paris
1067,Daniel,Barry,Level 3,New York
1068,Dieter,Gomez,Level 5,London
1069,Cairo,Sloan,Level 2,London
1070,Carson,Blackburn,Level 5,New York
1071,Ian,Underwood,Level 2,London
1072,Dane,Pennington,Level 4,London
1073,Berk,Farmer,Level 3,Paris
1074,Upton,Melendez,Level 2,London
1075,Blaze,Lloyd,Level 2,London
1076,Paul,Wilcox,Level 4,London
1077,Jesse,Rodriquez,Level 2,New York
1078,Elvis,Cross,Level 5,New York
1079,Neville,Lucas,Level 5,Paris
1080,Keaton,Ingram,Level 4,London
1081,Herman,Glover,Level 2,London
1082,Nicholas,Talley,Level 4,New York
1083,Theodore,Fletcher,Level 2,London
1084,Mannix,Shaffer,Level 4,London
1085,Branden,Heath,Level 5,London
1086,Holmes,Shaw,Level 5,London
1087,John,Cochran,Level 5,Paris
1088,Chaney,Mcclain,Level 3,Paris
1089,Kaseem,Boyer,Level 2,New York
1090,Lucius,Ferguson,Level 3,London
1091,Nehru,Hyde,Level 2,London
1092,Kasper,Valdez,Level 4,London
1093,Aladdin,Calhoun,Level 3,New York
1094,Caleb,Nunez,Level 5,Paris
1095,Laith,Curry,Level 5,New York
1096,Hakeem,Francis,Level 5,Paris
1097,Tyler,Stephenson,Level 2,New York
1098,Macaulay,Mclaughlin,Level 2,New York
1099,Kelly,Frank,Level 2,New York
1100,Carson,Bartlett,Level 4,Paris
